<?xml version="1.0" encoding="UTF-8"?>
<project-private xmlns="http://www.netbeans.org/ns/project-private/1">
    <editor-bookmarks xmlns="http://www.netbeans.org/ns/editor-bookmarks/2" lastBookmarkId="0"/>
    <open-files xmlns="http://www.netbeans.org/ns/projectui-open-files/2">
        <group>
            <file>file:/C:/Users/Daniel%20Vieira/Desktop/Socio/src/socios/Adicionar.java</file>
            <file>file:/C:/Users/Daniel%20Vieira/Desktop/Socio/src/socios/AlunoRepetidoException.java</file>
            <file>file:/C:/Users/Daniel%20Vieira/Desktop/Socio/src/socios/Quotas.java</file>
            <file>file:/C:/Users/Daniel%20Vieira/Desktop/Socio/src/socios/Consulta.java</file>
            <file>file:/C:/Users/Daniel%20Vieira/Desktop/Socio/src/socios/Gestao.java</file>
            <file>file:/C:/Users/Daniel%20Vieira/Desktop/Socio/src/socios/Socio.java</file>
            <file>file:/C:/Users/Daniel%20Vieira/Desktop/Socio/src/socios/Aluno.java</file>
        </group>
    </open-files>
</project-private>
