USE comboioslusitanos;

INSERT INTO Cliente
    (Email, NIF, Nome, Sexo, DataNascimento, Password, Telefone, Telemovel)
    VALUES
      ('maria@gmail.com', 000000001, 'Maria', 'F', '1965-07-02', '123', 231457896, 921474111),
      ('leocunha88@hotmail.com', 000000002, 'Leonor', 'F', '1988-09-06', '1234', 212421212, 963251100),
      ('matilde@gmail.com', 000000003, 'Matilde', 'F', '2000-03-12', '12345', 231477890, 961452047),
      ('bia130894@hotmail.com', 000000004, 'Beatriz', 'F', '1996-12-14', '123456', 212478807, 201314741),
      ('carolina@gmail.com', 000000010, 'Carolina', 'F', '1993-01-20', '1235', 247856329, 994521478),
      ('mariana0909@hotmail.com', 000000012, 'Mariana', 'F', '1989-10-27', '1236', 245778532, 914741258),
      ('analopes@gmail.com', 000000025, 'Ana', 'F', '1985-06-24', '11112', 247891017, 987133474),
      ('inesgoncalves@hotmail.com', 000000030, 'Inês', 'F', '1998-08-17', '11122', 255457899, 951741280),
      ('margarida@gmail.com', 000000048, 'Margarida', 'F', '1995-04-01', '12131', 223154550, 971584233),
      ('sofifreitas@hotmail.com', 000000076, 'Sofia', 'F', '1997-09-13', 'asd', 252936257, 962587041),
      ('larasilva@gmail.com', 000000098, 'Lara', 'F', '1992-10-20', 'asd2', 241570890, 932471821),
      ('laurinhapereira@hotmail.com', 000000101, 'Laura', 'F', '2001-11-30', 'abc123', 235647897, 978780106),
      ('franciscacunha@gmail.com', 000000107, 'Francisca', 'F', '1983-05-09', 'awe999', 246778953, 917852387),
      ('jucunha@hotmail.com', 000000123, 'Joana', 'F', '1996-07-26', 'piupiu', 235069784, 936002174),
      ('alicemaravilha@gmail.com', 000000145, 'Alice', 'F', '1992-05-07', 'cuacua', 264789241, 931401471),
      ('claridade@hotmail.com', 000000167, 'Clara', 'F', '1984-09-01', 'cucu', 254697831, 938142041),
      ('diana@gmail.com', 000000184, 'Diana', 'F', '1975-03-20', 'mumu', 223145789, 938187251),
      ('lua@hotmail.com', 000000203, 'Luana', 'F', '1997-02-12', 'mimi', 231045789, 931751524),
      ('mdln1996@gmail.com', 000000309, 'Madalena', 'F', '1996-06-11', 'doremi', 214576148, 978130488),
      ('malfadasilva@hotmail.com', 000000494, 'Mafalda', 'F', '1987-01-31', 'rere', 265244795, 965471021),
      ('biirogeria@gmail.com', 000000678, 'Bianca', 'F', '1999-11-21', 'winx', 204781355, 941207037),
      ('maralves@hotmail.com', 000001254, 'Mara', 'F', '1991-03-16', 'navegantesdalua', 211478544, 974120001),
      ('constapereira@gmail.com', 000001564, 'Constança', 'F', '1976-12-24', 'constancinha', 282499721, 980402004),
      ('sarasampaio@hotmail.com', 000001999, 'Sara', 'F', '1992-06-06', 'ss969', 215436975, 970047115),
      ('iris123@gmail.com', 000003932, 'Íris', 'F', '1993-02-01', '12321', 227282645, 965784311),
      ('martimanha@hotmail.com', 000005746, 'Martim', 'M', '1998-06-01', 'martinez', 210540326, 951474223),
      ('joaofonseca@gmail.com', 000007234, 'João', 'M', '2001-09-16', 'seca2001', 232212004, 962410044),
      ('rodrigomaradona@hotmail.com', 000017234, 'Rodrigo', 'M', '1985-05-24', 'maramaradona', 262589634, 963251407),
      ('santiagoferro@gmail.com', 000023454, 'Santiago', 'M', '1988-07-04', 'metalurgico', 215423336, 927418456),
      ('franctotti@hotmail.com', 000039875, 'Francisco', 'M', '1982-04-11', 'totti82', 236041010, 987418511),
      ('afonsocunha@gmail.com', 000058734, 'Afonso', 'M', '1996-08-25', '250896', 214547852, 931442258),
      ('tomasmuller@hotmail.com', 000092356, 'Tomás', 'M', '2001-11-11', 'bayern2001', 241503789, 921014741),
      ('miguelnogueira@gmail.com', 000129843, 'Miguel', 'M', '1995-04-29', 'benfica1904', 210445610, 932715064),
      ('guilhermecabral@hotmail.com', 000254478, 'Guilherme', 'M', '1993-01-23', '1904091', 212640047, 914752033),
      ('gabriel@gmail.com', 000398453, 'Gabriel', 'M', '1994-03-09', 'halamadrid94', 255587963, 954712034),
      ('duartebelo@hotmail.com', 000472631, 'Duarte', 'M', '1971-09-22', '1aviao1', 274152453, 911741851),
      ('goncalosilva@gmail.com', 000682312, 'Gonçalo', 'M', '1994-04-12', 'aleluia', 242452628, 974185212),
      ('pedrodias@hotmail.com', 000816753, 'Pedro', 'M', '1975-05-13', 'fugitivo', 241578954, 978410563),
      ('tiagoteixeira@gmail.com', 000999999, 'Tiago', 'M', '1996-06-13', 'player1', 258746913, 917419574),
      ('rafasilva@hotmail.com', 001941345, 'Rafael', 'M', '1996-09-20', '16milhoes', 285701694, 974152032),
      ('diogomendes@gmail.com', 002345824, 'Diogo', 'M', '1993-12-16', 'mendesyoutube', 235568700, 932785031),
      ('lourenco98@hotmail.com', 003986773, 'Lourenço', 'M', '1998-12-01', 'louro9889', 287496423, 987774541),
      ('lucas@gmail.com', 005123131, 'Lucas', 'M', '2000-04-17', 'lucamodric', 252413687, 947102184),
      ('dinis@hotmail.com', 006521379, 'Dinis', 'M', '1999-07-03', 'dinis87643251', 243102158, 952147034),
      ('salvador@gmail.com', 008672736, 'Salvador', 'M', '1987-03-22', 'salvatudo', 253622457, 978413056),
	  ('vicentexpto@hotmail.com', 009877681, 'Vicente', 'M', '2001-05-01', '21xpto12', 214741586, 950170784),
      ('guga@gmail.com', 013446442, 'Gustavo', 'M', '1998-03-13', 'guguinha89', 213663999, 932104755),
      ('simaosabrosa79@hotmail.com', 019388235, 'Simão', 'M', '1978-08-08', 'estadiodaluz', 258418563, 951014223),
      ('josecidplatina@gmail.com', 038995327, 'José', 'M', '1953-09-06', 'sexsymbol', 255388879, 961471032),
      ('davidfonseca1995@hotmail.com', 123235298, 'David', 'M', '1995-11-19', 'imtheman1995', 231313564, 924171032);



INSERT INTO Comboio
	(idC, Lotacao)
	VALUES
	  (1, 15),
	  (2, 15),
      (3, 15),
      (4, 15),
      (5, 15),
      (6, 15),
      (7, 15),
      (8, 15),
      (9, 15),
      (10, 15);
      
INSERT INTO Viagem
     (idV, Origem, Destino, HorarioPartida, HorarioChegada, Comboio_idC)
     VALUES
	    (11, 'Braga', 'Porto', 121500, 130500, 1),
	    (21, 'Porto', 'Lisboa', 133000, 161000, 1),
        (31, 'Lisboa', 'Madrid', 104500, 192000, 1),
		(41, 'Lisboa', 'Barcelona', 120000, 220000, 4),
        (51, 'Barcelona', 'Paris', 154000, 234000, 4),
        (61, 'Barcelona', 'Milão', 141500, 235000, 10),
        (71, 'Braga', 'Faro', 111500, 182000, 2),
        (81, 'Lisboa', 'Portimão', 161000, 193000, 5),
        (91, 'Faro', 'Sevilha', 092000, 120000, 2),
        (101, 'Paris', 'Londres', 100000, 143000, 4),
        (111, 'Braga', 'Vigo', 081500, 104500, 7),
        (121, 'Braga', 'Vila Real', 095000, 115000, 9),
        (131, 'Porto', 'Bragança', 091000, 122000, 6),
        (141, 'Lisboa', 'Beja', 084500, 101500, 5),
        (151, 'Beja', 'Lagos', 103000, 125000, 5),
        (161, 'Porto', 'Viana do Castelo', 112500, 121500, 3),
        (171, 'Viana do Castelo', 'Vigo', 123000, 135000, 3),
        (181, 'Valência', 'Vigo', 093000, 110000, 8),
        (191, 'Chaves', 'Lisboa', 090500, 154000, 5),
        (201, 'Madrid', 'Barcelona', 105500, 163000, 10),
		(12, 'Porto', 'Braga', 132500, 143500, 1),
        (22, 'Lisboa', 'Porto', 183000, 235000, 1),
        (32, 'Madrid', 'Lisboa', 193000, 045500, 1),
        (42, 'Barcelona', 'Lisboa', 222000, 080000, 4),
        (52, 'Paris', 'Barcelona', 050500, 171000, 4),
        (62, 'Milão', 'Barcelona', 000500, 091000, 10),
        (72, 'Faro', 'Braga', 183500, 014000, 2),
        (82, 'Portimão', 'Lisboa', 194000, 235000, 5),
        (92, 'Sevilha', 'Faro', 121000, 153000, 2),
		(102, 'Londres', 'Paris', 144000, 181000, 4),
        (112, 'Vigo', 'Braga', 110000, 133000, 7),
		(122, 'Vila Real', 'Braga', 120000, 140000, 9),
        (132, 'Bragança', 'Porto', 123000, 154000, 6),
        (142, 'Beja', 'Lisboa', 103000, 130000, 5),
        (152, 'Lagos', 'Beja', 130000, 152000, 5),
        (162, 'Viana do Castelo', 'Porto', 123000, 132000, 3),
        (172, 'Vigo', 'Viana do Castelo', 140000, 152000, 3),
        (182, 'Vigo', 'Valência', 111500, 124500, 8),
        (192, 'Lisboa', 'Chaves', 160000, 223500, 5),
        (202, 'Barcelona', 'Madrid', 164000, 221500, 10); 
        

INSERT INTO Endereco
    (CodigoPostal, Localidade, Rua, Cliente_Email)
	VALUES
       (4700123, 'Braga', 'Rua Pacheco Dias', 'maria@gmail.com'),
       (4720257, 'Vila Verde', 'Rua Quinta Avenida', 'leocunha88@hotmail.com'),
       (2386146, 'Vila Franca de Xira', 'Rua Gomes da Silva', 'matilde@gmail.com'),
       (1234845, 'Viana do Castelo', 'Travessa da Avela', 'bia130894@hotmail.com'),
       (2135342, 'Santarém', 'Rua Romário de Albuquerque', 'carolina@gmail.com'),
       (4898523, 'Viana do Castelo', 'Rua de Cima', 'mariana0909@hotmail.com'),
       (3843834, 'Estremoz', 'Rua Rebelo Santos', 'analopes@gmail.com'),
       (4710456, 'Braga', 'Rua da Alegria', 'inesgoncalves@hotmail.com'),
       (2098534, 'Lisboa', 'Rua de Baixo', 'margarida@gmail.com'),
       (1221124, 'Melgaço', 'Rua das Castanhas', 'sofifreitas@hotmail.com'),
       (7253213, 'Beja', 'Rua da Primavera', 'larasilva@gmail.com'),
       (1224213, 'Valença', 'Rua dos Pardais', 'laurinhapereira@hotmail.com'),
       (8342242, 'Portimão', 'Rua da Sardinha', 'franciscacunha@gmail.com'),
       (4653123, 'Marco de Canavezes', 'Rua Jorge Sousa', 'jucunha@hotmail.com'),
       (2134124, 'Coimbra', 'Rua do Estudante', 'alicemaravilha@gmail.com'),
       (4632564, 'Vila Nova de Gaia', 'Rua Nova', 'claridade@hotmail.com'),
       (7812234, 'Albufeira', 'Rua da Falésia', 'diana@gmail.com'),
       (9342890, 'Lagoa', 'Rua da Praia', 'lua@hotmail.com'),
       (1321653, 'Valença', 'Rua de Espanha', 'mdln1996@gmail.com'),
	   (4521234, 'Terras de Bouro', 'Rua da Velha', 'malfadasilva@hotmail.com'),
       (8762922, 'Faro', 'Rua da Solidão', 'biirogeria@gmail.com'),
       (4209853, 'Porto', 'Rua do Almirante José Silva Dias', 'maralves@hotmail.com'),
       (2134321, 'Lisboa', 'Rua Nova Angola', 'constapereira@gmail.com'),
       (3421321, 'Mealhada', 'Rua do Leitão', 'iris123@gmail.com'),
	   (2134732, 'Lisboa', 'Rua da Luz', 'martimanha@hotmail.com'),
       (7631213, 'Évora', 'Rua de Roma', 'joaofonseca@gmail.com'),
	   (5213774, 'Chaves', 'Rua dos Antepassados', 'rodrigomaradona@hotmail.com'),
       (5783323, 'Bragança', 'Rua dos Apaixonados', 'santiagoferro@gmail.com'),
       (5232234, 'Chaves', 'Rua dos Entrelaçados', 'franctotti@hotmail.com'),
	   (6234523, 'Vila Real', 'Rua Duarte Carmo II', 'afonsocunha@gmail.com'),
       (2345632, 'Seixal', 'Rua dos Mágicos', 'tomasmuller@hotmail.com'),
       (2343123, 'Seixal', 'Rua Cosme Damião', 'miguelnogueira@gmail.com'),
       (4351312, 'Marco de Canavezes', 'Rua dos Desafogados', 'guilhermecabral@hotmail.com'),
       (7354633, 'Beja', 'Rua Grande', 'gabriel@gmail.com'),
       (2345999, 'Sintra', 'Rua da Liberdade', 'duartebelo@hotmail.com'), 
       (6573435, 'Vila Real', 'Rua da Beira Interior', 'goncalosilva@gmail.com'),
       (3987909, 'Arouca', 'Rua do Esconderijo', 'pedrodias@hotmail.com'),
       (5475767, 'Bragança', 'Rua da Camélia Vermelha', 'tiagoteixeira@gmail.com'),
       (4715380, 'Braga', 'Rua dos Abades', 'rafasilva@hotmail.com'),
       (4653987, 'Amares', 'Rua da Amendoeira', 'diogomendes@gmail.com'),
       (4423134, 'Barcelos', 'Rua dos Pecadores', 'lourenco98@hotmail.com'),
       (6211546, 'Vila Real', 'Avenida Trás-os-Montes', 'lucas@gmail.com'),
       (8323000, 'Portimão', 'Rua dos Pescadores', 'dinis@hotmail.com'),
       (4780344, 'Braga', 'Avenida Central', 'salvador@gmail.com'),
       (3679312, 'Aveiro', 'Rua do Rio', 'vicentexpto@hotmail.com'),
       (2004199, 'Lisboa', 'Rua dos Campeões', 'guga@gmail.com'),
       (2100564, 'Amadora', 'Rua De Moçambique', 'simaosabrosa79@hotmail.com'),
       (8888777, 'Albufeira', 'Rua do Camarão', 'josecidplatina@gmail.com'),
       (4700222, 'Braga', 'Rua Abade Loureira', 'davidfonseca1995@hotmail.com');

INSERT INTO Reserva
    (idR, Data, Cliente_Email)
    VALUES
	  (1, '2016-11-11', 'josecidplatina@gmail.com'),
      (2, '2016-11-11', 'vicentexpto@hotmail.com'),
      (3, '2016-11-11', 'davidfonseca1995@hotmail.com'),
      (4, '2016-11-11', 'sofifreitas@hotmail.com'),
      (5, '2016-11-12', 'rodrigomaradona@hotmail.com'),
      (6, '2016-11-12', 'lua@hotmail.com'),
      (7, '2016-11-12', 'salvador@gmail.com'),
      (8, '2016-11-13', 'pedrodias@hotmail.com'),
      (9, '2016-11-13', 'sarasampaio@hotmail.com'),
      (10,'2016-11-13', 'tiagoteixeira@gmail.com'),
      (11,'2016-11-13', 'guga@gmail.com'),
      (12,'2016-11-14', 'martimanha@hotmail.com'),
      (13,'2016-11-14', 'duartebelo@hotmail.com'),
      (14,'2016-11-15', 'biirogeria@gmail.com'),
	  (15,'2016-11-15', 'margarida@gmail.com'),
      (16,'2016-11-15', 'guilhermecabral@hotmail.com'),
      (17,'2016-11-16', 'santiagoferro@gmail.com'),
      (18,'2016-11-16', 'constapereira@gmail.com'),
      (19,'2016-11-16', 'lucas@gmail.com'),
      (20,'2016-11-16', 'inesgoncalves@hotmail.com'),
      (21,'2016-11-17', 'carolina@gmail.com'),
      (22,'2016-11-17', 'iris123@gmail.com'),
      (23,'2016-11-17', 'franctotti@hotmail.com'),
      (24,'2016-11-18', 'analopes@gmail.com'),
      (25,'2016-11-19', 'tomasmuller@hotmail.com');
      
      

INSERT INTO Bilhete
   (NrBilhete, DataChegada, DataPartida, CustoNormal, CustoDesconto, NumeroB, CarruagemB, ClasseB, Viagem_idV, Reserva_idR)
   VALUES
      (1, '2016-11-19', '2016-11-19', 5, 4.5, 7, 2, 'económica', 11, 4),
      (2, '2016-11-19', '2016-11-19', 9, 8.1, 8, 2, 'económica', 21, 6),
      (3, '2016-12-19', '2016-12-19', 24, 21.6, 10, 2, 'económica', 31, 18),
      (4, '2017-01-19', '2017-01-19', 45, 40.5, 11, 2, 'económica', 41, 9),
      (5, '2016-11-20', '2016-11-21', 50, 45, 4, 1, 'executiva', 51, 25),
	  (6, '2017-02-19', '2017-02-19', 47, 42.3, 9, 2, 'económica', 61, 12),
      (7, '2016-11-22', '2016-11-22', 34, 30.6, 6, 1, 'executiva', 71, 7),
      (8, '2016-11-23', '2016-11-23', 20, 18, 3, 1, 'executiva', 81, 4),
      (9, '2016-12-11', '2016-12-11', 25, 22.5, 5, 1, 'executiva', 91, 2),
      (10, '2016-11-29', '2016-11-29', 62, 55.8, 1, 1, 'executiva', 101, 7),
      (11, '2017-03-19', '2017-03-19', 14, 12.6, 7, 2, 'económica', 111, 1),
      (12, '2017-04-10', '2017-04-10', 32, 28.8, 10, 2, 'económica', 121, 3),
      (13, '2016-11-19', '2016-11-19', 17, 15.3, 11, 2, 'económica', 131, 9),
      (14, '2017-03-10', '2017-03-10', 12, 10.8, 12, 2, 'económica', 141, 11),
      (15, '2017-01-09', '2017-01-09', 25, 22.5, 13, 2, 'económica', 151, 20),
      (16, '2016-11-25', '2016-11-25', 8, 7.2, 14, 2, 'económica', 161, 7),
      (17, '2016-11-30', '2016-11-30', 9, 8.1, 15, 2, 'económica', 171, 10),
      (18, '2016-11-27', '2016-11-27', 4, 3.6, 8, 2, 'económica', 181, 17),
      (19, '2016-11-24', '2016-11-24', 24, 21.6, 10, 2, 'económica', 191, 19),
      (20, '2016-12-08', '2016-12-08', 27, 24.3, 12, 2, 'económica', 201, 18),
      (21, '2017-03-01', '2017-03-01', 5, 4.5, 14, 2, 'económica', 12, 16),
      (22, '2016-11-19', '2016-11-19', 9, 8.1, 6, 1, 'executiva', 22, 18),
      (23, '2016-12-07', '2016-12-07', 24, 21.6, 3, 1, 'executiva', 32, 21),
      (24, '2017-01-29', '2017-01-29', 45, 40.5, 9, 2, 'económica', 42, 22),
      (25, '2016-12-21', '2016-12-21', 50, 45, 1, 1, 'executiva', 52, 4),
      (26, '2017-02-09', '2017-02-09', 47, 42.3, 11, 2, 'económica', 62, 14),
      (27, '2016-11-23', '2016-11-24', 34, 30.6, 15, 2, 'económica', 72, 5),
      (28, '2017-01-23', '2017-01-23', 20, 18, 4, 1, 'executiva', 82, 23),
      (29, '2016-12-11', '2016-12-11', 25, 22.5, 2, 1, 'executiva', 92, 4),
      (30, '2016-12-30', '2016-12-30', 62, 55.8, 8, 2, 'económica', 102, 22),
      (31, '2017-04-19', '2017-04-19', 14, 12.6, 5, 1, 'executiva', 112, 24),
      (32, '2017-04-03', '2017-04-03', 32, 28.8, 12, 2, 'económica', 122, 16),
      (33, '2016-12-01', '2016-12-01', 17, 15.3, 9, 2, 'económica', 132, 5),
      (34, '2017-01-10', '2017-01-10', 12, 10.8, 2, 1, 'executiva', 142, 24),
      (35, '2017-01-27', '2017-01-27', 25, 22.5, 5, 1, 'executiva', 152, 15),
      (36, '2016-11-27', '2016-11-27', 8, 7.2, 4, 1, 'executiva', 162, 8),
      (37, '2017-01-30', '2017-01-30', 9, 8.1, 1, 1, 'executiva', 172, 23),
      (38, '2016-12-02', '2016-12-02', 4, 3.6, 3, 1, 'executiva', 182, 8),
      (39, '2016-12-06', '2016-12-06', 24, 21.6, 7, 2, 'económica', 192, 13),
      (40, '2016-12-09', '2016-12-09', 27, 24.3, 14, 2, 'económica', 202, 25);
      

INSERT INTO Lugar
   (Carruagem, Classe, Numero, Comboio_idC)
   VALUES
      (1, 'executiva', 1, 1),
      (1, 'executiva', 2, 1),
      (1, 'executiva', 3, 1),
      (1, 'executiva', 4, 1),
      (1, 'executiva', 5, 1),
      (1, 'executiva', 6, 1),
      (2, 'económica', 7, 1),
	  (2, 'económica', 8, 1),
      (2, 'económica', 9, 1),
      (2, 'económica', 10, 1),
      (2, 'económica', 11, 1),
      (2, 'económica', 12, 1),
      (2, 'económica', 13, 1),
      (2, 'económica', 14, 1),
      (2, 'económica', 15, 1),
      (1, 'executiva', 1, 2),
      (1, 'executiva', 2, 2),
      (1, 'executiva', 3, 2),
      (1, 'executiva', 4, 2),
      (1, 'executiva', 5, 2),
      (1, 'executiva', 6, 2),
      (2, 'económica', 7, 2),
      (2, 'económica', 8, 2),
      (2, 'económica', 9, 2),
      (2, 'económica', 10, 2),
      (2, 'económica', 11, 2),
      (2, 'económica', 12, 2),
      (2, 'económica', 13, 2),
      (2, 'económica', 14, 2),
      (2, 'económica', 15, 2),
      (1, 'executiva', 1, 3),
      (1, 'executiva', 2, 3),
      (1, 'executiva', 3, 3),
      (1, 'executiva', 4, 3),
	  (1, 'executiva', 5, 3),
	  (1, 'executiva', 6, 3),
      (2, 'económica', 7, 3),
      (2, 'económica', 8, 3),
      (2, 'económica', 9, 3),
      (2, 'económica', 10, 3),
      (2, 'económica', 11, 3),
      (2, 'económica', 12, 3),
      (2, 'económica', 13, 3),
      (2, 'económica', 14, 3),
      (2, 'económica', 15, 3),
      (1, 'executiva', 1, 4),
      (1, 'executiva', 2, 4),
      (1, 'executiva', 3, 4),
      (1, 'executiva', 4, 4),
      (1, 'executiva', 5, 4),
      (1, 'executiva', 6, 4),
      (2, 'económica', 7, 4),
      (2, 'económica', 8, 4),
      (2, 'económica', 9, 4),
      (2, 'económica', 10, 4),
      (2, 'económica', 11, 4),
      (2, 'económica', 12, 4),
      (2, 'económica', 13, 4),
      (2, 'económica', 14, 4),
      (2, 'económica', 15, 4),
      (1, 'executiva', 1, 5),
      (1, 'executiva', 2, 5),
      (1, 'executiva', 3, 5),
      (1, 'executiva', 4, 5),
      (1, 'executiva', 5, 5),
      (1, 'executiva', 6, 5),
      (2, 'económica', 7, 5),
      (2, 'económica', 8, 5),
      (2, 'económica', 9, 5),
      (2, 'económica', 10, 5),
      (2, 'económica', 11, 5),
      (2, 'económica', 12, 5), 
      (2, 'económica', 13, 5),
      (2, 'económica', 14, 5),
      (2, 'económica', 15, 5),
      (1, 'executiva', 1, 6),
      (1, 'executiva', 2, 6),
      (1, 'executiva', 3, 6),
      (1, 'executiva', 4, 6),
      (1, 'executiva', 5, 6),
      (1, 'executiva', 6, 6),
      (2, 'económica', 7, 6),
      (2, 'económica', 8, 6),
      (2, 'económica', 9, 6),
      (2, 'económica', 10, 6),
      (2, 'económica', 11, 6),
      (2, 'económica', 12, 6),
      (2, 'económica', 13, 6),
      (2, 'económica', 14, 6),
      (2, 'económica', 15, 6),
      (1, 'executiva', 1, 7),
      (1, 'executiva', 2, 7),
      (1, 'executiva', 3, 7),
      (1, 'executiva', 4, 7),
      (1, 'executiva', 5, 7),
      (1, 'executiva', 6, 7),
      (2, 'económica', 7, 7),
      (2, 'económica', 8, 7),
      (2, 'económica', 9, 7),
      (2, 'económica', 10, 7),
      (2, 'económica', 11, 7),
      (2, 'económica', 12, 7),
      (2, 'económica', 13, 7),
      (2, 'económica', 14, 7),
      (2, 'económica', 15, 7),
      (1, 'executiva', 1, 8),
      (1, 'executiva', 2, 8),
      (1, 'executiva', 3, 8),
      (1, 'executiva', 4, 8),
      (1, 'executiva', 5, 8),
      (1, 'executiva', 6, 8),
      (2, 'económica', 7, 8),
      (2, 'económica', 8, 8),
      (2, 'económica', 9, 8),
      (2, 'económica', 10, 8),
      (2, 'económica', 11, 8),
      (2, 'económica', 12, 8),
      (2, 'económica', 13, 8),
      (2, 'económica', 14, 8),
      (2, 'económica', 15, 8),
      (1, 'executiva', 1, 9),
      (1, 'executiva', 2, 9),
      (1, 'executiva', 3, 9),
      (1, 'executiva', 4, 9),
      (1, 'executiva', 5, 9),
      (1, 'executiva', 6, 9),
      (2, 'económica', 7, 9),
      (2, 'económica', 8, 9),
      (2, 'económica', 9, 9),
      (2, 'económica', 10, 9),
      (2, 'económica', 11, 9),
      (2, 'económica', 12, 9),
      (2, 'económica', 13, 9),
      (2, 'económica', 14, 9),
      (2, 'económica', 15, 9),
      (1, 'executiva', 1, 10),
      (1, 'executiva', 2, 10),
      (1, 'executiva', 3, 10),
      (1, 'executiva', 4, 10),
      (1, 'executiva', 5, 10),
      (1, 'executiva', 6, 10),
      (2, 'económica', 7, 10),
      (2, 'económica', 8, 10),
      (2, 'económica', 9, 10),
      (2, 'económica', 10, 10),
      (2, 'económica', 11, 10),
      (2, 'económica', 12, 10),
      (2, 'económica', 13, 10),
      (2, 'económica', 14, 10),
      (2, 'económica', 15, 10);
